model,cumulative_return,sharpe_ratio,rachev_ratio,outperformance_frequency,max_drawdown
A_PPO_baseline,160.07747764360906,0.7264701009521368,0.914785436260926,52.27091633466136,-58.36665574985205
B_PPO_LLM,160.07747764360906,0.7264701009521368,0.914785436260926,52.27091633466136,-58.36665574985205
C_CPPO_baseline,160.07747764360906,0.7264701009521368,0.914785436260926,52.27091633466136,-58.36665574985205
D_CPPO_confidence,168.70596812064647,0.7522169855809079,0.9260209545928575,52.27091633466136,-57.369254564957906
E_CPPO_shaping,179.76637976830006,0.7732371773520212,0.9388526292158486,51.07569721115538,-56.50854745352984
F_full_model,178.97232581372262,0.7843031527920223,0.928436431896882,51.15537848605578,-56.08557419087745
