{
  "A_PPO_baseline": {
    "cumulative_return": 160.07747764360906,
    "sharpe_ratio": 0.7264701009521368,
    "rachev_ratio": 0.914785436260926,
    "outperformance_frequency": 52.27091633466136,
    "max_drawdown": -58.36665574985205
  },
  "B_PPO_LLM": {
    "cumulative_return": 160.07747764360906,
    "sharpe_ratio": 0.7264701009521368,
    "rachev_ratio": 0.914785436260926,
    "outperformance_frequency": 52.27091633466136,
    "max_drawdown": -58.36665574985205
  },
  "C_CPPO_baseline": {
    "cumulative_return": 160.07747764360906,
    "sharpe_ratio": 0.7264701009521368,
    "rachev_ratio": 0.914785436260926,
    "outperformance_frequency": 52.27091633466136,
    "max_drawdown": -58.36665574985205
  },
  "D_CPPO_confidence": {
    "cumulative_return": 168.70596812064647,
    "sharpe_ratio": 0.7522169855809079,
    "rachev_ratio": 0.9260209545928575,
    "outperformance_frequency": 52.27091633466136,
    "max_drawdown": -57.369254564957906
  },
  "E_CPPO_shaping": {
    "cumulative_return": 179.76637976830006,
    "sharpe_ratio": 0.7732371773520212,
    "rachev_ratio": 0.9388526292158486,
    "outperformance_frequency": 51.07569721115538,
    "max_drawdown": -56.50854745352984
  },
  "F_full_model": {
    "cumulative_return": 178.97232581372262,
    "sharpe_ratio": 0.7843031527920223,
    "rachev_ratio": 0.928436431896882,
    "outperformance_frequency": 51.15537848605578,
    "max_drawdown": -56.08557419087745
  }
}