model,cumulative_return,sharpe_ratio,rachev_ratio,outperformance_frequency,max_drawdown
F_full_model,178.97232581372262,0.7843031527920223,0.928436431896882,51.15537848605578,-56.08557419087745
